category;name;rus;eng
set_bonus;husk_of_opulent_dreams_4_def;Уровень Любопытства (Защита);Curiosity effect stacks (DEF)
set_descr;husk_of_opulent_dreams_4_def;Каждый ур. эффекта прибавляет %{def_percent} к name{защите};Each stack provides %{def_percent} DEF
set_bonus;husk_of_opulent_dreams_4_geo;Уровень Любопытства (Гео урон);Curiosity effect stacks (Geo DMG)
set_descr;husk_of_opulent_dreams_4_geo;Каждый ур. эффекта прибавляет %{dmg_geo} к geo{Гео урону};Each stack provides %{dmg_geo} geo{Geo DMG} Bonus
set_bonus;ocean_hued_clam_4_stack;Накопленное лечение;Accumulated amount of HP
set_descr;night_of_the_skys_unveiling_4_2;name{Шанс крит. попадания} +%{crit_rate} (skill{Зарождающееся сияние}: 15%, skill{Высшее сияние}: 30%).;name{CRIT Rate} +%{crit_rate} (skill{Nascent Gleam}: 15%, skill{Ascendant Gleam}: 30%).
set_descr;celestial_gift_4_1;skill{Наставление света}: name{бонус элементального урона} согласно элементу экипированного персонажа +%{text_percent|20}.;skill{Light's Guidance}: name{Elemental DMG Bonus} matching the equipping character's element +%{text_percent|20}.
set_descr;celestial_gift_4_2;skill{Гимн смертных}: name{бонус элементального урона} согласно элементам экипированного и активного персонажей +%{text_percent|40}. Бонусы одного элемента не складываются.;skill{Mortal Hymn}: name{Elemental DMG Bonus} matching the equipping and active characters' elements +%{text_percent|40}. Same-element bonuses do not stack.
set_descr;silken_moons_serenade_4_combined;При нанесении name{элементального урона} на 8 сек. возникает эффект Сияющей луны: Доверие: если Лунное знамение отряда - Зарождающееся сияние/Высшее сияние, name{мастерство стихий} всех персонажей отряда повышается на %{text_em_nascent}/%{text_em_ascendant} ед. За каждый активный эффект Сияющей луны разных видов в отряде урон name{Лунных реакций} всех персонажей отряда увеличивается на %{text_percent_lunar}. Такой эффект может возникнуть, даже если экипированный персонаж не находится на поле боя. Эффекты Сияющей луны не складываются.;When dealing name{Elemental DMG}, gain the Gleaming Moon: Devotion effect for 8s: Increases all party members' name{Elemental Mastery} by %{text_em_nascent}/%{text_em_ascendant} when the party's Moonsign is Nascent Gleam/Ascendant Gleam. All party members' name{Lunar Reaction DMG} is increased by %{text_percent_lunar} for each different active Gleaming Moon effect in the party. The equipping character can trigger this effect while off-field. Effects from Gleaming Moon cannot stack.
set_descr;night_of_the_skys_unveiling_4_party;За каждый активный эффект Сияющей луны разных видов в отряде урон name{Лунных реакций} всех персонажей отряда увеличивается на %{text_percent_lunar}. Эффекты Сияющей луны не складываются.;All party members' name{Lunar Reaction DMG} is increased by %{text_percent_lunar} for each different active Gleaming Moon effect that party members have. Effects from Gleaming Moon cannot stack.
